{
  "generated": "2026-05-19T17:49:30",
  "historical_periods": {
    "P1_pre_pandemic": [
      2019,
      2020
    ],
    "P2_pandemic_transition": [
      2021,
      2022
    ],
    "P3_post_pandemic": [
      2023,
      2024
    ],
    "P4_recent": [
      2025,
      2026
    ]
  },
  "n_documents": 19716,
  "n_rising": 5,
  "n_declining": 6,
  "n_stable": 85,
  "top_rising": [
    {
      "topic": 36,
      "display_name": "Image-based sexual abuse",
      "share_P1": 0.002635740643120717,
      "share_P4": 0.016154577130186885,
      "absolute_change_P1_to_P4": 0.013518836487066168,
      "relative_change_P1_to_P4": 5.129046563192904,
      "count_P1": 5,
      "count_P4": 51,
      "z_stat_P1_vs_P4": -4.445654941075685,
      "p_value_P1_vs_P4": 8.762449922095072e-06,
      "kendall_tau": 0.9047619047619049,
      "kendall_p": 0.002777777777777778,
      "mk_trend": "increasing",
      "theil_sen_slope_per_year": 0.0026038109025660894,
      "share_P1_pre_pandemic": 0.002635740643120717,
      "share_P2_pandemic_transition": 0.007698709945900957,
      "share_P3_post_pandemic": 0.009962640099626401,
      "share_P4_recent": 0.016154577130186885,
      "p_adj_P1_vs_P4": 0.000841195192521127,
      "prevalence_class": "rising"
    },
    {
      "topic": 1,
      "display_name": "Adverse childhood experiences (ACE)",
      "share_P1": 0.040063257775434895,
      "share_P4": 0.06430155210643015,
      "absolute_change_P1_to_P4": 0.02423829433099526,
      "relative_change_P1_to_P4": 0.605000583498658,
      "count_P1": 76,
      "count_P4": 203,
      "z_stat_P1_vs_P4": -3.6534388316549076,
      "p_value_P1_vs_P4": 0.0002587514509293509,
      "kendall_tau": 0.8095238095238096,
      "kendall_p": 0.010714285714285714,
      "mk_trend": "increasing",
      "theil_sen_slope_per_year": 0.0034014953369792093,
      "share_P1_pre_pandemic": 0.040063257775434895,
      "share_P2_pandemic_transition": 0.04348730753225135,
      "share_P3_post_pandemic": 0.05603985056039851,
      "share_P4_recent": 0.06430155210643015,
      "p_adj_P1_vs_P4": 0.00828004642973923,
      "prevalence_class": "rising"
    },
    {
      "topic": 61,
      "display_name": "College students & campus prevention",
      "share_P1": 0.0036900369003690036,
      "share_P4": 0.011719987329743428,
      "absolute_change_P1_to_P4": 0.008029950429374424,
      "relative_change_P1_to_P4": 2.176116566360469,
      "count_P1": 7,
      "count_P4": 37,
      "z_stat_P1_vs_P4": -2.975474538451699,
      "p_value_P1_vs_P4": 0.002925356334419371,
      "kendall_tau": 0.8095238095238096,
      "kendall_p": 0.010714285714285714,
      "mk_trend": "increasing",
      "theil_sen_slope_per_year": 0.0021847592889475674,
      "share_P1_pre_pandemic": 0.0036900369003690036,
      "share_P2_pandemic_transition": 0.006034124011652101,
      "share_P3_post_pandemic": 0.008509755085097551,
      "share_P4_recent": 0.011719987329743428,
      "p_adj_P1_vs_P4": 0.04680570135070994,
      "prevalence_class": "rising"
    },
    {
      "topic": 23,
      "display_name": "Mdd, Major Depressive, Depressive Mdd, Gyrus",
      "share_P1": 0.00790722192936215,
      "share_P4": 0.013303769401330377,
      "absolute_change_P1_to_P4": 0.0053965474719682265,
      "relative_change_P1_to_P4": 0.6824833702882483,
      "count_P1": 15,
      "count_P4": 42,
      "z_stat_P1_vs_P4": -1.7591888932239637,
      "p_value_P1_vs_P4": 0.0785454301308286,
      "kendall_tau": 0.7142857142857143,
      "kendall_p": 0.03015873015873016,
      "mk_trend": "increasing",
      "theil_sen_slope_per_year": 0.0025760156500328857,
      "share_P1_pre_pandemic": 0.00790722192936215,
      "share_P2_pandemic_transition": 0.010611735330836454,
      "share_P3_post_pandemic": 0.0161892901618929,
      "share_P4_recent": 0.013303769401330377,
      "p_adj_P1_vs_P4": 0.3516928613107469,
      "prevalence_class": "rising"
    },
    {
      "topic": 13,
      "display_name": "Cm, Mdd, History Cm, Relationship Cm",
      "share_P1": 0.007380073800738007,
      "share_P4": 0.020589166930630346,
      "absolute_change_P1_to_P4": 0.013209093129892338,
      "relative_change_P1_to_P4": 1.7898321191004118,
      "count_P1": 14,
      "count_P4": 65,
      "z_stat_P1_vs_P4": -3.6656541647576484,
      "p_value_P1_vs_P4": 0.0002467071372020957,
      "kendall_tau": 0.7142857142857143,
      "kendall_p": 0.03015873015873016,
      "mk_trend": "increasing",
      "theil_sen_slope_per_year": 0.002642524932873034,
      "share_P1_pre_pandemic": 0.007380073800738007,
      "share_P2_pandemic_transition": 0.010819808572617561,
      "share_P3_post_pandemic": 0.019925280199252802,
      "share_P4_recent": 0.020589166930630346,
      "p_adj_P1_vs_P4": 0.00828004642973923,
      "prevalence_class": "rising"
    }
  ],
  "top_declining": [
    {
      "topic": 11,
      "display_name": "Cortisol, Hpa, Axis, Hpa Axis",
      "share_P1": 0.024775962045334738,
      "share_P4": 0.011719987329743428,
      "absolute_change_P1_to_P4": -0.01305597471559131,
      "relative_change_P1_to_P4": -0.5269613624569514,
      "count_P1": 47,
      "count_P4": 37,
      "z_stat_P1_vs_P4": 3.5154428181226836,
      "p_value_P1_vs_P4": 0.00043902129118000843,
      "kendall_tau": -0.4285714285714286,
      "kendall_p": 0.2388888888888889,
      "mk_trend": "stable",
      "theil_sen_slope_per_year": -0.0022281931811979293,
      "share_P1_pre_pandemic": 0.024775962045334738,
      "share_P2_pandemic_transition": 0.018726591760299626,
      "share_P3_post_pandemic": 0.014321295143212951,
      "share_P4_recent": 0.011719987329743428,
      "p_adj_P1_vs_P4": 0.008429208790656163,
      "prevalence_class": "declining"
    },
    {
      "topic": 68,
      "display_name": "Pregnancy, Postpartum, Perinatal, Unintended",
      "share_P1": 0.010542962572482868,
      "share_P4": 0.003801076971808679,
      "absolute_change_P1_to_P4": -0.006741885600674189,
      "relative_change_P1_to_P4": -0.6394678492239468,
      "count_P1": 20,
      "count_P4": 12,
      "z_stat_P1_vs_P4": 2.9258806769084513,
      "p_value_P1_vs_P4": 0.0034348265357377894,
      "kendall_tau": -0.4666666666666666,
      "kendall_p": 0.2722222222222222,
      "mk_trend": "stable",
      "theil_sen_slope_per_year": -0.0008721806355748067,
      "share_P1_pre_pandemic": 0.010542962572482868,
      "share_P2_pandemic_transition": 0.006658343736995423,
      "share_P3_post_pandemic": 0.007471980074719801,
      "share_P4_recent": 0.003801076971808679,
      "p_adj_P1_vs_P4": 0.04710619249011826,
      "prevalence_class": "declining"
    },
    {
      "topic": 0,
      "display_name": "Maternal & infant mental health",
      "share_P1": 0.07432788613600422,
      "share_P4": 0.05416534684827368,
      "absolute_change_P1_to_P4": -0.02016253928773054,
      "relative_change_P1_to_P4": -0.2712648016228712,
      "count_P1": 141,
      "count_P4": 171,
      "z_stat_P1_vs_P4": 2.8838703371278065,
      "p_value_P1_vs_P4": 0.003928204586300721,
      "kendall_tau": -0.6190476190476191,
      "kendall_p": 0.06904761904761905,
      "mk_trend": "stable",
      "theil_sen_slope_per_year": -0.006756223979141258,
      "share_P1_pre_pandemic": 0.07432788613600422,
      "share_P2_pandemic_transition": 0.0597170203911777,
      "share_P3_post_pandemic": 0.0506434205064342,
      "share_P4_recent": 0.05416534684827368,
      "p_adj_P1_vs_P4": 0.04713845503560865,
      "prevalence_class": "declining"
    },
    {
      "topic": 10,
      "display_name": "Epigenetics & DNA methylation",
      "share_P1": 0.022667369530838165,
      "share_P4": 0.010136205258156478,
      "absolute_change_P1_to_P4": -0.012531164272681687,
      "relative_change_P1_to_P4": -0.5528283401227246,
      "count_P1": 43,
      "count_P4": 32,
      "z_stat_P1_vs_P4": 3.5676176480331243,
      "p_value_P1_vs_P4": 0.00036024165006032227,
      "kendall_tau": -0.7142857142857143,
      "kendall_p": 0.03015873015873016,